titre,prix,ville,infos,lien
PEUGEOT 308 1.2 PureTech...,"8 480,00 €",,,https://www.simplicicar.com/occasions-simplicicar-le-raincy/161127-peugeot-308-12-puretech-130ch-ss-eat6-allure-garantie-12-mois.html
SEAT IBIZA FR 1.4 TFSI BV6...,"8 980,00 €",,,https://www.simplicicar.com/occasions-osny/161126-seat-ibiza-fr-14-tfsi-bv6-150ch-garantie-12-mois-.html
FORD MUSTANG V6 FASTBACK...,"29 480,00 €",,,https://www.simplicicar.com/occasions-simplicicar-lyon-ouest/161125-ford-mustang-v6-fastback-boite-manuelle-suivie-et-entretenue-garantie-12-mois-.html
PEUGEOT 508 1.6 Essence...,"6 280,00 €",,,https://www.simplicicar.com/occasions-simplicicar-saint-jean/161124-peugeot-508-16-essence-156ch-bvm6-allure-garantie-12-mois.html
CITROEN BERLINGO FOURGON M...,"9 880,00 €",,,https://www.simplicicar.com/occasions-simplicicar-le-raincy/161123-citroen-berlingo-fourgon-m-bluehdi-100-ss-business-carplay-garantie-12-mois.html
VOLKSWAGEN GOLF 2.0 140CH,"5 980,00 €",,,https://www.simplicicar.com/occasions-simplicicar-la-fleche/161122-volkswagen-golf-20-140ch.html
MERCEDES GLB 200 d 8G-DCT...,"41 480,00 €",,,https://www.simplicicar.com/occasions-simplicicar-le-raincy/161121-mercedes-glb-200-d-8g-dct-amg-line-garantie-12-mois-toit-ouvrant-crochet-d-attelage-entretient-full-mercedes.html
KIA RIO 1.0L T-GDi 100 ch...,"13 690,00 €",,,https://www.simplicicar.com/occasions-parc-voitures-beauvais/161120-kia-rio-10l-t-gdi-100-ch-isg-gt-line.html
MERCEDES AMG GT Coupe 522...,"91 980,00 €",,,https://www.simplicicar.com/occasions-simplicicar-brie-comte-robert/161119-mercedes-amg-gt-coupe-522-ch-ba7-s.html
RENAULT CLIO IV TCe 90...,"6 000,00 €",,,https://www.simplicicar.com/occasions-simplicicar-villejuif/161118-renault-clio-iv-tce-90-energy-eco2-expression.html
MERCEDES CLASSE V...,"80 990,00 €",,,https://www.simplicicar.com/occasions-simplicicar-villejuif/161117-mercedes-classe-v-extra-long-250-d-9g-tronic-avantgarde-ralllonger-cameras-360-garanie-12mois.html
MERCEDES CLASSE S 580 e...,"89 990,00 €",,,https://www.simplicicar.com/occasions-simplicicar-villejuif/161116-mercedes-classe-s-580-e-9g-tronic-executive-limousine-ecrans-passager-roue-arrieres-directionnels-garantie-12mois.html
PEUGEOT EXPERT FGN 220L 2.0...,"2 490,00 €",,,https://www.simplicicar.com/occasions-avignon-84/161115-peugeot-expert-fgn-220l-20-hdi-110-m1-tole-kit-distribution-ok.html
MERCEDES CLASSE A 250e EQ...,"23 980,00 €",,,https://www.simplicicar.com/occasions-simplicicar-nancy/161114-mercedes-classe-a-250e-eq-power-amg-line-toit-ouvrant-audio-burmester-carplay-attelage-origine-france-garantie-12-mois.html
DACIA SANDERO TCe 90...,"16 980,00 €",,,https://www.simplicicar.com/occasions-simplicicar-salon-de-provence/161113-dacia-sandero-tce-90-stepway-1490-km-camera-de-recul-android-auto-clim-auto-angle-mort-garantie.html
RENAULT TWINGO II 1.5 dCi...,"3 480,00 €",,,https://www.simplicicar.com/occasions-osny/161112-renault-twingo-ii-15-dci-65-ch-expression-eco2.html
MINI HATCH 5 PORTES F55 LCI...,"28 990,00 €",,,https://www.simplicicar.com/occasions-montreuil-porte-de-vincennes75/161111-mini-hatch-5-portes-f55-lci-ii-cooper-s-178-ch-bva7-finition-mini-yours-pack-jcw.html
LIGIER IXO Voiture Sans...,"4 480,00 €",,,https://www.simplicicar.com/occasions-simplicicar-toulouse-sud/161110-ligier-ixo-voiture-sans-permis-radar-de-recul-garantie-12-mois.html
VOLKSWAGEN PASSAT 1.4 TSI...,"21 980,00 €",,,https://www.simplicicar.com/occasions-montpellier-34/161109-volkswagen-passat-14-tsi-hybride-dsg6-gte-carplay-garantie-12-mois.html
MERCEDES CLASSE C CABRIOLET...,"27 480,00 €",,,https://www.simplicicar.com/occasions-simplicicar-vichy/161108-mercedes-classe-c-cabriolet-220-d-9g-tronic-sportline-pack-amg-revisee-garantie-12-mois-sieges-chauffants-camera-de-recul.html
VOLKSWAGEN SCIROCCO 1.4 TSI...,,,,https://www.simplicicar.com/occasions-simplicicar-rennes/161107-volkswagen-scirocco-14-tsi-122-ethanol.html
TOYOTA YARIS HYBRIDE MC2...,"13 480,00 €",,,https://www.simplicicar.com/occasions-simplicicar-vienne/161106-toyota-yaris-hybride-mc2-100h-chic-city-nav-rc18-garantie-12-mois.html
MERCEDES CLASSE S L 350 d...,"64 990,00 €",,,https://www.simplicicar.com/occasions-cannes-06/161105-mercedes-classe-s-l-350-d-9g-tronic-fascination.html
DS DS3 1.2 82CV...,"6 480,00 €",,,https://www.simplicicar.com/occasions-simplicicar-aix-les-bains/161104-ds-ds3-12-82cv-distribution-neuve-garantie-12-mois.html
TESLA MODEL 3 Propulsion...,"25 980,00 €",,,https://www.simplicicar.com/occasions-montpellier-34/161103-tesla-model-3-propulsion-garantie-constructeur-2027.html
MERCEDES GLA 200...,"16 980,00 €",,,https://www.simplicicar.com/occasions-simplicicar-mery-sur-oise/161102-mercedes-gla-200-fascination-interieur-cuir-sieges-chauffants-garantie-12-mois.html
RENAULT SCENIC III 1.5 dCi...,"5 980,00 €",,,https://www.simplicicar.com/occasions-simplicicar-royan/161101-renault-scenic-iii-15-dci-110-ch-eco2-initiale-edc-entretien-a-jour-garantie-6-mois.html
MERCEDES CLASSE S 350 d L...,"39 990,00 €",,,https://www.simplicicar.com/occasions-cannes-06/161100-mercedes-classe-s-350-d-l-executive-a.html
BMW SERIE 2 COUPE F22 LCI...,"15 980,00 €",,,https://www.simplicicar.com/occasions-montpellier-34/161099-bmw-serie-2-coupe-f22-lci-218d-150-ch-finition-sport-toit-ouvrant-sieges-et-volant-chauffants-modes-de-conduites-garantie-12.html
MAZDA CX-5 2.2L Skyactiv-D...,"11 990,00 €",,,https://www.simplicicar.com/occasions-montpellier-34/161098-mazda-cx-5-22l-skyactiv-d-150-dynamique-4x2-keyless-gps-regulateur-bluetooth-garantie-12-mois.html
Peugeot 2008 1.5 BlueHDi...,"9 490,00 €",,,https://www.simplicicar.com/occasions-simplicicar-la-fleche/161097-peugeot-2008-15-bluehdi-16v-eat6-ss-120-cv-allure.html
PEUGEOT 3008 Hybrid 180...,"26 990,00 €",,,https://www.simplicicar.com/occasions-montpellier-34/161096-peugeot-3008-hybrid-180-e-eat8-allure-pack-garantie-12-mois.html
DACIA DUSTER TCe 125 4x2...,"10 480,00 €",,,https://www.simplicicar.com/occasions-barberey/161095-dacia-duster-tce-125-4x2-prestige-attelage-camera-clim-auto-suivi-renault-garantie-12-mois.html
CITROEN GRAND C4...,"11 980,00 €",,,https://www.simplicicar.com/occasions-osny/161094-citroen-grand-c4-spacetourer-business-15-bluehdi-130-ss-eat8-business-garantie-12-mois-.html
RENAULT MEGANE III ESTATE...,"6 990,00 €",,,https://www.simplicicar.com/occasions-simplicicar-meaux/161093-renault-megane-iii-estate-estate-iii-15-dci-110-fap-eco2-zen-edc.html
SMART FORTWO COUPE 1.0 71...,"9 995,00 €",,,https://www.simplicicar.com/occasions-champigny-sur-marne-94/161092-smart-fortwo-coupe-10-71-ch-ba6-prime-sieges-cuir-chauffant-toit-panoramique-climatisation-camera-et-detecteur-de-recul.html
DACIA SANDERO ECO-G 100 -...,"12 980,00 €",,,https://www.simplicicar.com/occasions-simplicicar-mery-sur-oise/161091-dacia-sandero-eco-g-100-22b-confort-camera-de-recul-garantie-12-mois.html
RENAULT CLIO V TCe 100...,"13 990,00 €",,,https://www.simplicicar.com/occasions-simplicicar-la-ciotat/161090-renault-clio-v-tce-100-business.html
NISSAN MICRA 2020 IG-T 100...,"11 480,00 €",,,https://www.simplicicar.com/occasions-simplicicar-labarthe/161089-nissan-micra-2020-ig-t-100-xtronic-n-connecta.html
PORSCHE 911 TARGA 4 3.0i...,"159 980,00 €",,,https://www.simplicicar.com/occasions-simplicicar-marignane/161088-porsche-911-targa-4-30i-450-gts-pdk-pdls-sieges-chauffants-pack-sport-chrono-regulateur-vitesse-full-suivie.html
FORD MUSTANG V CABRIOLET...,"21 480,00 €",,,https://www.simplicicar.com/occasions-simplicicar-pontarlier-auto/161087-ford-mustang-v-cabriolet-46-v8-premium-305-cv.html
FORD PUMA 1.5 EcoBoost 200...,"33 980,00 €",,,https://www.simplicicar.com/occasions-simplicicar-lyon-nord/161086-ford-puma-15-ecoboost-200-ch-ss-bvm6-st.html
PEUGEOT 308 SW BlueHDi...,"10 980,00 €",,,https://www.simplicicar.com/occasions-simplicicar-besancon/161085-peugeot-308-sw-bluehdi-130ch-ss-bvm6-gt-line.html
PEUGEOT 308 BUSINESS lueHDi...,"12 990,00 €",,,https://www.simplicicar.com/occasions-simplicicar-livry-gargan/161084-peugeot-308-business-luehdi-130ch-ss-eat8-active-business.html
PEUGEOT 2008 1.2 Hybrid...,"27 800,00 €",,,https://www.simplicicar.com/occasions-reunion-ville-st-pierre/161083-peugeot-2008-12-hybrid-e-dcs6-145ch-finition-allure-camera-de-recul-.html
AUDI Q3 SPORTBACK 35 TFSI...,"29 490,00 €",,,https://www.simplicicar.com/occasions-simplicicar-coeur-d-yvelines-auto-expo-78/161082-audi-q3-sportback-35-tfsi-s-line.html
"MINI One 1,5L Heddon street...","17 480,00 €",,,https://www.simplicicar.com/occasions-paris-17eme-75porte-maillot/161081-mini-one-15l-heddon-street-toit-panoramique-garantie-12-mois.html
RENAULT CLIO IV TCe 90...,"7 480,00 €",,,https://www.simplicicar.com/occasions-simplicicar-annecy/161078-renault-clio-iv-tce-90-energy-eco2-expression-garantie-12-mois.html
BMW SERIE 7 30D BVA8 SUIVI...,"13 990,00 €",,,https://www.simplicicar.com/occasions-simplicicar-strasbourg/161077-bmw-serie-7-30d-bva8-suivi-complet-bmw-toit-ouvrant-soft-close-4-roues-directrices-keyless-go-sieges-chauffants.html
FORD KUGA 2.0 TDCi 150 ch...,"13 980,00 €",,,https://www.simplicicar.com/occasions-montpellier-34/161076-ford-kuga-20-tdci-150-ch-ss-titanium-powershift-toit-ouvrat-panoramique-garantie-12-mois.html
MERCEDES CLASSE A 200...,"23 970,00 €",,,https://www.simplicicar.com/occasions-montpellier-34/161072-mercedes-classe-a-200-7g-dct-amg-line-toit-ouvrat-panoraque-led-garantie-12-mois.html
RENAULT CLIO III SOCIETE...,"2 980,00 €",,,https://www.simplicicar.com/occasions-simplicicar-lyon-nord/161071-renault-clio-iii-societe-clio-15-dci-85-air-garantie-12-mois.html
PEUGEOT 308 GTi by PEUGEOT...,"20 480,00 €",,,https://www.simplicicar.com/occasions-simplicicar-reims/161070-peugeot-308-gti-by-peugeot-sport-16-thp-270-ch-ss-bvm6.html
MAXUS deliver 9 camera de...,"20 980,00 €",,,https://www.simplicicar.com/occasions-paris-17eme-75porte-maillot/161069-maxus-deliver-9-camera-de-recule-grand-ecran.html
BMW SERIE 3 TOURING G21...,"38 970,00 €",,,https://www.simplicicar.com/occasions-champigny-sur-marne-94/161068-bmw-serie-3-touring-g21-330e-292-ch-bva8-m-sport-harman-kardon-tete-haute-pack-m-cuir.html
Volkswagen Golf 8 2.0 TDI...,"25 980,00 €",,,https://www.simplicicar.com/occasions-simplicicar-meximieux/161067-volkswagen-golf-8-20-tdi-r-line-camera-de-recul-radar-av-ar-sellerie-facon-baquet-garantie-12-mois.html
MERCEDES GLB 200 d 8G-DCT...,"34 480,00 €",,,https://www.simplicicar.com/occasions-simplicicar-toulouse-sud/161066-mercedes-glb-200-d-8g-dct-business-line-toit-ouvrant-sieges-chauffant-7-places-entretien-mercedes.html
AUDI Q3 SPORTBACK 45 TFSIe...,"39 499,00 €",,,https://www.simplicicar.com/occasions-paris-17eme-75porte-maillot/161065-audi-q3-sportback-45-tfsie-245-ch-s-tronic-6-s-line-grantie-12-mois-toit-ouvrant-keyless-camera-de-recul-sieges.html
JEEP JEEP WRANGLER 2.5i...,"16 990,00 €",,,https://www.simplicicar.com/occasions-simplicicar-frejus/161064-jeep-jeep-wrangler-25i-sport-attelage-garantie-12-mois.html
VOLKSWAGEN GOLF 1.5 eTSI...,"36 990,00 €",,,https://www.simplicicar.com/occasions-montreuil-porte-de-vincennes75/161063-volkswagen-golf-15-etsi-opf-150-dsg7-r-line.html
RENAULT TWINGO III TCe 95...,"11 790,00 €",,,https://www.simplicicar.com/occasions-simplicicar-vaucresson/161062-renault-twingo-iii-tce-95-edc-intens.html
CUPRA FORMENTOR 1.5 tsi...,"25 970,00 €",,,https://www.simplicicar.com/occasions-montpellier-34/161061-cupra-formentor-15-tsi-150ch-dsg7-business-edition-toit-ouvrant-garantie-12-mois.html
MINI HATCH 5 PORTES F55 LCI...,"18 980,00 €",,,https://www.simplicicar.com/occasions-simplicicar-salon-de-provence/161060-mini-hatch-5-portes-f55-lci-cooper-s-192-ch-bva7-finition-john-cooper-works-radars-av-ar-sieges-chauffants-garantie.html
KIA CEED 1.4 T-GDi 140 ch...,"14 980,00 €",,,https://www.simplicicar.com/occasions-simplicicar-pertuis/161059-kia-ceed-14-t-gdi-140-ch-isg-dct7-edition-1.html
RENAULT CLIO V ZEN 1.0 SCe...,"10 990,00 €",,,https://www.simplicicar.com/occasions-simplicicar-compiegne/161058-renault-clio-v-zen-10-sce-carplay-moteur-a-chaine-faible-km-.html
RENAULT CLIO V TCe 90ch...,"16 780,00 €",,,https://www.simplicicar.com/occasions-montpellier-34/161057-renault-clio-v-tce-90ch-techno-camera-360-carplay-garantie-12-mois.html
FIAT 500X 1.0 Firefly Turbo...,"10 980,00 €",,,https://www.simplicicar.com/occasions-simplicicar-royan/161056-fiat-500x-10-firefly-turbo-120-ch-city-cross-entretien-a-jour-garantie-12-mois.html
FIAT 500C SERIE 4 0.9 85 ch...,"7 990,00 €",,,https://www.simplicicar.com/occasions-cannes-06/161055-fiat-500c-serie-4-09-85-ch-twinair-ss-dualogic-lounge-cabriolet.html
VOLKSWAGEN GOLF 1.4 TSI 125...,"13 980,00 €",,,https://www.simplicicar.com/occasions-simplicicar-lagny/161054-volkswagen-golf-14-tsi-125-bluemotion-technology-carat-sieges-velours-chauffants-massant-climatisation-bi-zone.html
AUDI A4 A4 2.0 TFSI ultra...,"18 980,00 €",,,https://www.simplicicar.com/occasions-simplicicar-evreux/161053-audi-a4-a4-20-tfsi-ultra-business-line-190-s-tronic-7-garantie-12-mois.html
MERCEDES CLASSE C 220 CDI...,"8 990,00 €",,,https://www.simplicicar.com/occasions-simplicicar-la-ciotat/161052-mercedes-classe-c-220-cdi-blueefficiency-avantgarde.html
CUPRA FORMENTOR 1.4...,"24 990,00 €",,,https://www.simplicicar.com/occasions-simplicicar-strasbourg/161051-cupra-formentor-14-e-hybrid-204-ch-dsg6-v-toit-panoramique-acc-volant-chauffant-jantes-19-retroviseurs-electriques.html
TOYOTA  YARIS 1.5 12V CVT...,"19 992,00 €",,,https://www.simplicicar.com/occasions-champigny-sur-marne-94/161050-toyota-yaris-15-12v-cvt-125-cv-carplay-tres-peu-de-kilometres.html
KIA SPORTAGE 2.0 CRDi 136...,"11 490,00 €",,,https://www.simplicicar.com/occasions-cannes-06/161049-kia-sportage-20-crdi-136-isg-4x2-gt-line-entretien-complet.html
PEUGEOT 208 1.0 PureTech...,"4 990,00 €",,,https://www.simplicicar.com/occasions-simplicicar-caen/161048-peugeot-208-10-puretech-68ch-bvm5-active-distribution-a-jour-garantie-12-mois.html
RENAULT KADJAR dCi 130...,"13 480,00 €",,,https://www.simplicicar.com/occasions-simplicicar-marignane/161047-renault-kadjar-dci-130-energy-4wd-intens-sieges-chauffants-radar-de-stationnement-attelage-garantie-12-mois.html
PEUGEOT 308 BlueHDi 130ch...,"15 980,00 €",,,https://www.simplicicar.com/occasions-simplicicar-aix-les-bains/161046-peugeot-308-bluehdi-130ch-ss-eat8-gt-line-garantie-12-mois.html
AUDI Q3 SPORTBACK 45 TFSIe...,"34 990,00 €",,,https://www.simplicicar.com/occasions-paris-15eme-75/161045-audi-q3-sportback-45-tfsie-245-ch-s-tronic-6-s-line.html
FORD KUGA 2.5 Duratec 225...,"16 990,00 €",,,https://www.simplicicar.com/occasions-simplicicar-nice-pfvauto/161044-ford-kuga-25-duratec-225-powersplit-phev-titanium.html
MINI COUNTRYMAN R60 D 112...,"7 480,00 €",,,https://www.simplicicar.com/occasions-simplicicar-narbonne/161043-mini-countryman-r60-d-112-ch-cooper-pack-chili-toit-ouvrant-radar-ar-harman-kardon-garantie-12-mois.html
VOLKSWAGEN GOLF R 2.0 TSI...,"54 990,00 €",,,https://www.simplicicar.com/occasions-montreuil-porte-de-vincennes75/161042-volkswagen-golf-r-20-tsi-333-dsg7-akrapovic-black-edition.html
RENAULT CLIO V TCe 100...,"13 990,00 €",,,https://www.simplicicar.com/occasions-simplicicar-caen/161041-renault-clio-v-tce-100-intens-carplay-camera-de-recul-chargeur-a-induction-garantie-12-mois.html
BMW SERIE 1 E87 118i Boite...,"6 990,00 €",,,https://www.simplicicar.com/occasions-simplicicar-nice-pfvauto/161038-bmw-serie-1-e87-118i-boite-automatique.html
TOYOTA C-HR HYBRIDE MY23...,"28 970,00 €",,,https://www.simplicicar.com/occasions-montpellier-34/161037-toyota-c-hr-hybride-my23-20l-200ch-design-garantie-12-mois.html
FORD FIESTA 1.6 TDCi 95 FAP...,"6 490,00 €",,,https://www.simplicicar.com/occasions-cannes-06/161036-ford-fiesta-16-tdci-95-fap-sport.html
LEXUS CT200H 16V 136 Hybrid...,"14 980,00 €",,,https://www.simplicicar.com/occasions-paris-17eme-75porte-maillot/161035-lexus-ct200h-16v-136-hybrid-buisness-entretien-a-jour-garantie-12-mois.html
TOYOTA COROLLA HYBRIDE 122h...,"16 480,00 €",,,https://www.simplicicar.com/occasions-simplicicar-lyon-nord/161034-toyota-corolla-hybride-122h-design-toit-panoramique-et-ouvrant-camera-de-recul-conduite-semi-autonome-plusieurs-mode-de.html
AIWAYS U5 U5 150 kW Premium,"19 990,00 €",,,https://www.simplicicar.com/occasions-paris-17eme-75porte-maillot/161033-aiways-u5-u5-150-kw-premium.html
BMW X1 F48 xDrive 25d 231...,"20 980,00 €",,,https://www.simplicicar.com/occasions-simplicicar-reims/161032-bmw-x1-f48-xdrive-25d-231-ch-bva8-xline-garantie-12-mois.html
PORSCHE BOXSTER 2.5i...,"14 980,00 €",,,https://www.simplicicar.com/occasions-simplicicar-aix-les-bains/161031-porsche-boxster-25i-tiptronic-s-jantes-d-origine-fournies-entretien-complet-.html
AUDI A6 AVANT 50 TDI 286 ch...,"29 990,00 €",,,https://www.simplicicar.com/occasions-simplicicar-rennes/161030-audi-a6-avant-50-tdi-286-ch-quattro-tiptronic-8-s-line.html
SKODA KODIAQ 2.0 Bi-TDI 240...,"31 980,00 €",,,https://www.simplicicar.com/occasions-simplicicar-veauche/161029-skoda-kodiaq-20-bi-tdi-240-scr-dsg7-4x4-5pl-rs.html
PEUGEOT 3008 BlueHDi 130ch...,"26 980,00 €",,,https://www.simplicicar.com/occasions-simplicicar-lyon-nord/161028-peugeot-3008-bluehdi-130ch-ss-eat8-allure-pack-garantie-12-mois.html
AUDI A3 SPORTBACK 40 TFSIe...,"24 480,00 €",,,https://www.simplicicar.com/occasions-simplicicar-mery-sur-oise/161027-audi-a3-sportback-40-tfsie-204-s-tronic-6-s-line-camera-de-recul-garantie-12-mois.html
BMW X1 F48 xDrive 20d 190...,"24 990,00 €",,,https://www.simplicicar.com/occasions-simplicicar-strasbourg/161026-bmw-x1-f48-xdrive-20d-190-ch-bva8-xline-keyless-go-sieges-chauffants-camera-entretien-bmw.html
MERCEDES CLASSE B 180 d...,"24 980,00 €",,,https://www.simplicicar.com/occasions-paris-17eme-75porte-maillot/161025-mercedes-classe-b-180-d-7g-dct-amg-line-edition-toit-ouvrant-camera-de-recule-sieges-electriques-chauffants-garantie-12-mois.html
FIAT PANDA 1.0 70 ch...,"9 490,00 €",,,https://www.simplicicar.com/occasions-simplicicar-frejus/161024-fiat-panda-10-70-ch-hybride-bsg-s-s-easy.html
RENAULT ARKANA E-Tech 145 -...,"22 990,00 €",,,https://www.simplicicar.com/occasions-simplicicar-limoges/161023-renault-arkana-e-tech-145-22-engineered.html
BYD BYD Seal  Design RWD 313,"36 480,00 €",,,https://www.simplicicar.com/occasions-simplicicar-pontarlier-auto/161022-byd-byd-seal-design-rwd-313.html
BMW SERIE 2 CABRIOLET F23...,"15 490,00 €",,,https://www.simplicicar.com/occasions-cannes-06/161021-bmw-serie-2-cabriolet-f23-218i-136-ch-luxury.html
MG MG4 EV 51kWh - 125 kW...,"16 980,00 €",,,https://www.simplicicar.com/occasions-simplicicar-coeur-d-yvelines-auto-expo-78/161020-mg-mg4-ev-51kwh-125-kw-2wd-standard-170-cv-carplay.html
Fiat 500C Abarth 1.4i turbo...,"14 980,00 €",,,https://www.simplicicar.com/occasions-simplicicar-mery-sur-oise/161019-fiat-500c-abarth-14i-turbo-595-turismo-cabriolet-garantie-12-mois.html
NISSAN JUKE 1.5 dCi 110 FAP...,"8 990,00 €",,,https://www.simplicicar.com/occasions-simplicicar-rennes/161018-nissan-juke-15-dci-110-fap-tekna.html
HYUNDAI TUCSON 1.7 CRDi 141...,"15 990,00 €",,,https://www.simplicicar.com/occasions-simplicicar-rennes/161017-hyundai-tucson-17-crdi-141-2wd-dct-7-executive.html
RENAULT CLIO IV BUSINESS...,"8 970,00 €",,,https://www.simplicicar.com/occasions-montpellier-34/161016-renault-clio-iv-business-dci-75ch-energy-business-suivi-complet-garantie-12-mois.html
HYUNDAI IONIQ 5 77 kWh -...,"29 980,00 €",,,https://www.simplicicar.com/occasions-paris-17eme-75porte-maillot/161015-hyundai-ioniq-5-77-kwh-229-ch-creative-entretien-a-jour-sieges-volant-chauffants-car-play-cuire-complet-garantie-12-mois.html
MINI COUNTRYMAN F60 LCI 136...,"24 990,00 €",,,https://www.simplicicar.com/occasions-paris-17eme-75porte-maillot/161014-mini-countryman-f60-lci-136-ch-bva7-cooper-edition-premium.html
MERCEDES GLE COUPE 350 d...,"35 980,00 €",,,https://www.simplicicar.com/occasions-paris-17eme-75porte-maillot/161013-mercedes-gle-coupe-350-d-9g-tronic-4matic-fascination-toit-ouvrant-siege-chauffant-harman-kardon-apple-carplay-suspension.html
PORSCHE MACAN 3.0 V6 360 ch...,"53 990,00 €",,,https://www.simplicicar.com/occasions-simplicicar-st-maximin/161012-porsche-macan-30-v6-360-ch-gts-pdk-malus-paye-pdls-sieges-memoire-18-positions-entretien-complet.html
Mini COOPER 1.5i 136 ch...,"16 489,00 €",,,https://www.simplicicar.com/occasions-simplicicar-nimes-rb-auto/161011-mini-cooper-15i-136-ch-edition-greenwich-toit-ouvrant-full-cuir-carplay-garantie-12-mois.html
CITROEN JUMPER 2.2 HDI 110...,"14 480,00 €",,,https://www.simplicicar.com/occasions-simplicicar-velay/161010-citroen-jumper-22-hdi-110-combi-confort-l1h1.html
VOLKSWAGEN UP! 2.0 Up 1.0...,"16 480,00 €",,,https://www.simplicicar.com/occasions-simplicicar-toulouse-sud/161009-volkswagen-up-20-up-10-115-bvm6-gti-entretien-volkswagen-garantie-constructeur-10-2028.html
MERCEDES VITO FOURGON 116...,"42 980,00 €",,,https://www.simplicicar.com/occasions-simplicicar-velay/161008-mercedes-vito-fourgon-116-cdi-long-bva-rwd-pro-frigorifique-garantie-constructeur.html
MERCEDES CLASSE A BERLINE...,"16 990,00 €",,,https://www.simplicicar.com/occasions-simplicicar-villejuif/161007-mercedes-classe-a-berline-200-7g-dct-style-line.html
VOLKSWAGEN TRANSPORTER...,"18 990,00 €",,,https://www.simplicicar.com/occasions-simplicicar-livry-gargan/161006-volkswagen-transporter-fourgon-gn-tole-l1h1-20-tdi-114-business-line.html
PORSCHE MACAN 2.0 245ch...,"58 980,00 €",,,https://www.simplicicar.com/occasions-simplicicar-nancy/161005-porsche-macan-20-245ch-toit-ouvrant-bose-sieges-electriques-chauffants-garantie-12-mois.html
VOLKSWAGEN POLO 1.2 TSI 90...,"8 480,00 €",,,https://www.simplicicar.com/occasions-simplicicar-mery-sur-oise/161004-volkswagen-polo-12-tsi-90-bluemotion-technology-serie-speciale-lounge-regulateur-de-vitesse-garantie-12-mois.html
BMW SERIE 1 F20 LCI2 116d...,"13 480,00 €",,,https://www.simplicicar.com/occasions-simplicicar-le-raincy/161003-bmw-serie-1-f20-lci2-116d-116-ch-bva8-sport-garantie-12-mois.html
CITROEN C3 AIRCROSS BlueHDi...,"11 480,00 €",,,https://www.simplicicar.com/occasions-simplicicar-marignane/161002-citroen-c3-aircross-bluehdi-120-ss-eat6-shine-apple-carplay-radar-de-recule-entretien-complet-citroen-garantie-12-mois.html
FIAT TALENTO PLANCHER...,"14 970,00 €",,,https://www.simplicicar.com/occasions-montpellier-34/161001-fiat-talento-plancher-cabine-euro-6d-temp-20-ecojet-145ch-garantie-12-mois.html
AUDI RS3 SPORTBACK 2.5 TFSI...,"27 480,00 €",,,https://www.simplicicar.com/occasions-simplicicar-lyon-nord/161000-audi-rs3-sportback-25-tfsi-340-quattro-s-tronic-a-garantie-12-mois.html
CITROEN C5 tourer...,"6 980,00 €",,,https://www.simplicicar.com/occasions-montpellier-34/160999-citroen-c5-tourer-distribution-neuve-garantie-12-mois.html
RENAULT MEGANE IV BERLINE...,"7 470,00 €",,,https://www.simplicicar.com/occasions-montpellier-34/160998-renault-megane-iv-berline-tce-100ch-energy-limited-garantie-12-mois.html
PEUGEOT 508 180ch eat8 gt...,"14 470,00 €",,,https://www.simplicicar.com/occasions-montpellier-34/160997-peugeot-508-180ch-eat8-gt-line-garantie-12-mois.html
CHRYSLER CROSSFIRE ROADSTER...,"11 480,00 €",,,https://www.simplicicar.com/occasions-montpellier-34/160996-chrysler-crossfire-roadster-32-v6-limited-garantie-12-mois.html
MERCEDES GLC COUPE 300de...,"37 980,00 €",,,https://www.simplicicar.com/occasions-montpellier-34/160995-mercedes-glc-coupe-300de-9g-tronic-4matic-amg-line-garantie-12-mois.html
BMW X3 F25 LCI sDrive18d...,"13 970,00 €",,,https://www.simplicicar.com/occasions-montpellier-34/160994-bmw-x3-f25-lci-sdrive18d-150ch-lounge-plus-garantie-12-mois.html
NISSAN MURANO 3.5 v6 4x4...,"11 480,00 €",,,https://www.simplicicar.com/occasions-montpellier-34/160993-nissan-murano-35-v6-4x4-cvt-ethanol-garantie-12-mois.html
MERCEDES CLASSE SL ROADSTER...,"47 970,00 €",,,https://www.simplicicar.com/occasions-montpellier-34/160992-mercedes-classe-sl-roadster-500-harman-kardon-magic-sky-control-suspensions-adaptative-regulateur-adaptatif-garantie-12-mois.html
Karma Revero  hybride 408ch...,"49 970,00 €",,,https://www.simplicicar.com/occasions-montpellier-34/160991-karma-revero-hybride-408ch-sieges-electriques-et-chauffants-camera-de-recul-garantie-12-mois.html
BMW X1 E84 xDrive 28i 245ch...,"13 470,00 €",,,https://www.simplicicar.com/occasions-montpellier-34/160990-bmw-x1-e84-xdrive-28i-245ch-executive-toit-ouvrant-garantie-12-mois.html
AUDI Q3 2.0 TDI 150 CH...,"14 990,00 €",,,https://www.simplicicar.com/occasions-montpellier-34/160989-audi-q3-20-tdi-150-ch-ambiente-garantie-12-mois.html
JEEP RENEGADE 2.0 140Ch...,"9 970,00 €",,,https://www.simplicicar.com/occasions-montpellier-34/160988-jeep-renegade-20-140ch-night-eagle-garantie-12-mois.html
MERCEDES GLA 250 e 8G-DCT...,"35 980,00 €",,,https://www.simplicicar.com/occasions-paris-17eme-75porte-maillot/160987-mercedes-gla-250-e-8g-dct-amg-line.html
RENAULT MEGANE III COUPE...,"15 970,00 €",,,https://www.simplicicar.com/occasions-montpellier-34/160986-renault-megane-iii-coupe-20-265ch-rs-chassis-cup-garantie-12-mois.html
FORD FIESTA 1.4i 85CH...,"3 470,00 €",,,https://www.simplicicar.com/occasions-montpellier-34/160985-ford-fiesta-14i-85ch-courroie-a-jour-garantie-12-mois.html
BMW X1 U11 sDrive 20i 170ch...,"42 990,00 €",,,https://www.simplicicar.com/occasions-simplicicar-villejuif/160984-bmw-x1-u11-sdrive-20i-170ch-dkg7-m-sport-toit-ouvrant-harman-kardon-camera-de-recul-carplay-garantie-12-mois.html
VOLKSWAGEN GOLF 1.5 TSI OPF...,"21 990,00 €",,,https://www.simplicicar.com/occasions-simplicicar-villejuif/160983-volkswagen-golf-15-tsi-opf-130-bvm6-life-radar-av-ar-sieges-volant-chauffants-digital-cockpit-garantie-constructeur.html
BMW SERIE 3 F30 LCI 320d...,"20 480,00 €",,,https://www.simplicicar.com/occasions-simplicicar-le-raincy/160982-bmw-serie-3-f30-lci-320d-163-ch-efficientdynamics-edition-luxury-a-entretiens-bmw-garantie-12-mois.html
PEUGEOT PARTNER FOURGON 121...,"7 990,00 €",,,https://www.simplicicar.com/occasions-simplicicar-villejuif/160981-peugeot-partner-fourgon-121-l2-16-hdi-90-bvm5-pack-clim-nav-radar-arriere-climatisation-gps-tactile-bluetooth-garantie.html
KIA XCEED HYBRIDE...,"17 992,00 €",,,https://www.simplicicar.com/occasions-champigny-sur-marne-94/160980-kia-xceed-hybride-rechargeable-xceed-16-gdi-141ch-dct6-active.html
RENAULT ARKANA E-Tech 145 -...,"17 992,00 €",,,https://www.simplicicar.com/occasions-champigny-sur-marne-94/160979-renault-arkana-e-tech-145-21b-rs-line.html
RENAULT CAPTUR dCi 90...,"10 980,00 €",,,https://www.simplicicar.com/occasions-simplicicar-besancon/160978-renault-captur-dci-90-energy-intens-edc-camera-garantie-12-mois.html
RENAULT CLIO III dCi 105...,"7 980,00 €",,,https://www.simplicicar.com/occasions-simplicicar-lyon-nord/160977-renault-clio-iii-dci-105-gordini-toit-ouvrant-tomtom-garantie-12-mois.html
NISSAN JUKE 1.6e 117...,"10 980,00 €",,,https://www.simplicicar.com/occasions-simplicicar-lyon-nord/160976-nissan-juke-16e-117-xtronic-n-connecta-garantie-12-mois.html
KIA CARENS 1.7 CRDi 115 ch...,"8 980,00 €",,,https://www.simplicicar.com/occasions-simplicicar-toulouse-nord/160975-kia-carens-17-crdi-115-ch-isg-7-places-toys-r-us.html
SEAT IBIZA 1.2 TSI 85 ch...,"6 800,00 €",,,https://www.simplicicar.com/occasions-simplicicar-lyon-nord/160974-seat-ibiza-12-tsi-85-ch-style-ite-garantie-12-mois.html
MINI CLUBMAN F54 LCI Cooper...,"28 490,00 €",,,https://www.simplicicar.com/occasions-scl-56-simplicicar-vannes/160973-mini-clubman-f54-lci-cooper-sd-190-ch-bva8-all4-edition-knightsbridge-garantie-12-mois.html
FIAT 500C MY22 Hybride RIVA...,"10 990,00 €",,,https://www.simplicicar.com/occasions-simplicicar-compiegne/160972-fiat-500c-my22-hybride-riva-capote-rouge-premiere-main-faible-km-.html
OPEL CORSA 1.4 Turbo 100cv...,"8 980,00 €",,,https://www.simplicicar.com/occasions-simplicicar-toulon-est/160971-opel-corsa-14-turbo-100cv-excite-chaine-de-distribution-carplay-harman-kardon-garantie-12-mois.html
SEAT LEON ST 2.0 TSI 280...,"20 980,00 €",,,https://www.simplicicar.com/occasions-simplicicar-colmar/160970-seat-leon-st-20-tsi-280-cupra-dsg6.html
DS DS7 CROSSBACK BlueHDi...,"18 980,00 €",,,https://www.simplicicar.com/occasions-simplicicar-angers/160968-ds-ds7-crossback-bluehdi-130-drive-efficiency-eat8-performance-line-garantie-12-mois.html
PEUGEOT 208 1.2 PureTech...,"5 980,00 €",,,https://www.simplicicar.com/occasions-simplicicar-colmar/160967-peugeot-208-12-puretech-82ch-urban-soul-garantie-12-mois.html
RENAULT MEGANE IV BERLINE...,"18 980,00 €",,,https://www.simplicicar.com/occasions-simplicicar-pertuis/160966-renault-megane-iv-berline-blue-dci-115-edc-techno-camera-de-recul-led-interieur-line-assist-garantie-12-mois.html
AUDI A1 SPORTBACK 30 TFSI...,"17 980,00 €",,,https://www.simplicicar.com/occasions-simplicicar-toulon-est/160965-audi-a1-sportback-30-tfsi-116cv-bvm6-s-line-carplay-entretien-a-jour-garantie-12-mois.html
DACIA SPRING Expression,"10 480,00 €",,,https://www.simplicicar.com/occasions-osny/160964-dacia-spring-expression.html
SMART FORTWO COUPE BRABUS...,"28 990,00 €",,,https://www.simplicicar.com/occasions-simplicicar-nimes-rb-auto/160963-smart-fortwo-coupe-brabus-edition-tailormade-09-109-ch-garantie-12-mois.html
PEUGEOT 3008 Hybrid 225...,"17 980,00 €",,,https://www.simplicicar.com/occasions-simplicicar-villebon-sur-yvette/160962-peugeot-3008-hybrid-225-e-eat8-allure-pack-full-entretien-garantie-12-mois.html
LAND ROVER RANGE ROVER...,"46 490,00 €",,,https://www.simplicicar.com/occasions-simplicicar-marignane/160961-land-rover-range-rover-sport-30-v6-249-ch-garantie-12-mois-ppf-complet-toit-ouvrant-marche-pied-elec-sono.html
AUDI Q3 Q3 2.0 TDI 140 ch...,"15 490,00 €",,,https://www.simplicicar.com/occasions-cannes-06/160960-audi-q3-q3-20-tdi-140-ch-quattro-urban-cross.html
PEUGEOT 3008 1.2 Puretech...,"13 480,00 €",,,https://www.simplicicar.com/occasions-simplicicar-le-raincy/160959-peugeot-3008-12-puretech-130ch-ss-eat6-allure-garantie-12-mois.html
VOLKSWAGEN GOLF 1.0 TSI 85...,"11 180,00 €",,,https://www.simplicicar.com/occasions-simplicicar-colmar/160958-volkswagen-golf-10-tsi-85-bvm5-trendline-garantie-12-mois.html
PEUGEOT PARTNER FOURGON...,"13 490,00 €",,,https://www.simplicicar.com/occasions-simplicicar-brest/160957-peugeot-partner-fourgon-standard-1000-kg-bluehdi-130-ss-bvm6-asphalt.html
PEUGEOT 3008 Hybrid4 300...,"22 980,00 €",,,https://www.simplicicar.com/occasions-simplicicar-pertuis/160956-peugeot-3008-hybrid4-300-e-eat8-gt-cockpit-attelage-remorque-carplay-audio-focal-hayon-electrique-charge-rapide-74-kw.html
AUDI RS3 SPORTBACK QUATTRO...,"30 990,00 €",,,https://www.simplicicar.com/occasions-simplicicar-marignane/160955-audi-rs3-sportback-quattro-367ch-francaise-suivi-audi-complet-toit-ouvrant-bangolusfen-camera-de-recul-garantie.html
RENAULT CLIO IV TCe 120...,"7 990,00 €",,,https://www.simplicicar.com/occasions-simplicicar-villejuif/160954-renault-clio-iv-tce-120-energy-intens-camera-de-recul-radar-av-ar-gps-bluetooth-garantie-12-mois.html
SKODA FABIA 1.4 TDI 80...,"5 480,00 €",,,https://www.simplicicar.com/occasions-simplicicar-lyon-nord/160953-skoda-fabia-14-tdi-80-confort-garantie-12mois.html
RENAULT MEGANE IV ESTATE...,"12 980,00 €",,,https://www.simplicicar.com/occasions-simplicicar-valence-ksv/160952-renault-megane-iv-estate-205cv-gt-moteur-51-000km-sur-facture-baquets-chauffants-4control-garantie-12mois.html
PORSCHE PANAMERA Turbo V8...,"43 980,00 €",,,https://www.simplicicar.com/occasions-simplicicar-besancon/160951-porsche-panamera-turbo-v8-48-500-pdk.html
NISSAN MICRA 1.2 80 acenta...,"5 990,00 €",,,https://www.simplicicar.com/occasions-montpellier-34/160950-nissan-micra-12-80-acenta-garantie-12-mois.html
VOLKSWAGEN T-ROC 2.0 TSI...,"21 480,00 €",,,https://www.simplicicar.com/occasions-simplicicar-lyon-nord/160949-volkswagen-t-roc-20-tsi-190-start-stop-dsg7-4motion-r-line-4-jantes-ete-virtual-cockpit-12-mois-garantie.html
VOLKSWAGEN TIGUAN 2.0 TDI...,"23 680,00 €",,,https://www.simplicicar.com/occasions-simplicicar-perpignan/160947-volkswagen-tiguan-20-tdi-150-dsg7-carat-exclusive-r-line-toit-ouvrant-attelage-camera-garantie-12-mois.html
PEUGEOT 208 BUSINESS...,"12 980,00 €",,,https://www.simplicicar.com/occasions-simplicicar-le-raincy/160946-peugeot-208-business-puretech-75-ss-bvm5-active-business-carplay-garantie-12-mois.html
MERCEDES CLASSE A 180 d...,"17 980,00 €",,,https://www.simplicicar.com/occasions-simplicicar-vernon/160944-mercedes-classe-a-180-d-7g-dct-amg-line-entretien-mercedes-garantie-12-mois.html
CITROEN C4 CACTUS PureTech...,"6 980,00 €",,,https://www.simplicicar.com/occasions-simplicicar-lyon-nord/160943-citroen-c4-cactus-puretech-110-ss-shine-garantie-12-mois.html
OPEL INSIGNIA SPORTS TOURER...,"14 480,00 €",,,https://www.simplicicar.com/occasions-simplicicar-narbonne/160942-opel-insignia-sports-tourer-16-diesel-136-ch-bva6-elegance-garantie-12-mois-dashcam.html
BMW SERIE 4 COUPE F32 428i...,"18 490,00 €",,,https://www.simplicicar.com/occasions-montpellier-34/160941-bmw-serie-4-coupe-f32-428i-xdrive-245-ch-cuir-boite-automatique-luxury-garantie-12-mois.html
MERCEDES GLA 220 d 7-G DCT...,"22 980,00 €",,,https://www.simplicicar.com/occasions-simplicicar-le-raincy/160940-mercedes-gla-220-d-7-g-dct-4-matic-fascination-toit-ouvrant-garantie-12-mois.html
VOLKSWAGEN POLO 1.0 TSI 115...,"15 980,00 €",,,https://www.simplicicar.com/occasions-simplicicar-le-raincy/160939-volkswagen-polo-10-tsi-115-ss-dsg7-copper-line-carplay-digital-cockpit-suivi-complet-volkswagen-garantie-12-mois.html
AUDI Q3 35 TDI 150 ch S...,"28 999,00 €",,,https://www.simplicicar.com/occasions-avignon-84/160938-audi-q3-35-tdi-150-ch-s-tronic-7-s-line.html
DACIA DUSTER TCe 130 4x2 -...,"23 480,00 €",,,https://www.simplicicar.com/occasions-simplicicar-le-raincy/160937-dacia-duster-tce-130-4x2-23-journey-carplay-garantie-12-mois.html
FORD KA 1.2 69ch  Ambiente...,"3 999,00 €",,,https://www.simplicicar.com/occasions-avignon-84/160936-ford-ka-12-69ch-ambiente-ideal-jeune-conducteur.html
LAND ROVER RANGE ROVER...,"40 990,00 €",,,https://www.simplicicar.com/occasions-avignon-84/160935-land-rover-range-rover-sport-mark-vii-hse-v6-30l-249chf-full-entretien-range-rover-aucun-frais-a-prevoir.html
MERCEDES CLASSE GLA d...,"21 499,00 €",,,https://www.simplicicar.com/occasions-avignon-84/160934-mercedes-classe-gla-d-fascination-7-g-dct-a-220.html
OPEL ZAFIRA FAP ecoFlex...,"3 990,00 €",,,https://www.simplicicar.com/occasions-avignon-84/160933-opel-zafira-fap-ecoflex-enjoy-17-cdti-110-ch.html
NISSAN JUKE 1.6e DIG-T...,"7 980,00 €",,,https://www.simplicicar.com/occasions-montpellier-34/160931-nissan-juke-16e-dig-t-190ch-tekna-m-cvt-camera-de-recul-garantie-12-mois.html
BMW serie i4 M50 PACK M...,"45 890,00 €",,,https://www.simplicicar.com/occasions-paris-17eme-75porte-maillot/160930-bmw-serie-i4-m50-pack-m-sport-garantie-12-mois-camera-de-recul-grand-ecran-car-play.html
AUDI Q3 SPORTBACK 45 TFSIe...,"33 900,00 €",,,https://www.simplicicar.com/occasions-simplicicar-nice-pfvauto/160929-audi-q3-sportback-45-tfsie-245-s-tronic-6-s-line.html
MERCEDES CLASSE CLA...,"17 990,00 €",,,https://www.simplicicar.com/occasions-simplicicar-limoges/160927-mercedes-classe-cla-shooting-brake-180-7-g-dct-sensation.html
LAND ROVER RANGE ROVER...,"26 490,00 €",,,https://www.simplicicar.com/occasions-simplicicar-lille/160926-land-rover-range-rover-evoque-d150-2wd-bvm6-s-garantie-12-mois-.html
FORD KUGA 2.5 Duratec 225...,"19 980,00 €",,,https://www.simplicicar.com/occasions-simplicicar-nimes-rb-auto/160925-ford-kuga-25-duratec-225-ch-phev-vignale-attelage-toit-ouvrant-garantie-12-mois.html
RENAULT GRAND SCENIC III...,"7 980,00 €",,,https://www.simplicicar.com/occasions-simplicicar-beaune/160924-renault-grand-scenic-iii-dci-110-fap-eco2-bose-edc-7-pl-garantie-12-mois.html
FORD C-MAX 1.0 EcoBoost 125...,"6 490,00 €",,,https://www.simplicicar.com/occasions-simplicicar-lille/160923-ford-c-max-10-ecoboost-125-ss-titanium-distri-ok-garantie-12-mois-.html
FIAT 500 MY17 0.9 85 ch...,"9 980,00 €",,,https://www.simplicicar.com/occasions-simplicicar-le-mans/160922-fiat-500-my17-09-85-ch-twinair-ss-lounge-toit-pano-garantie-12-mois.html
BMW série 4 gran coupé F36...,"42 980,00 €",,,https://www.simplicicar.com/occasions-cannes-06/160921-bmw-serie-4-gran-coupe-f36-lci2-g26-420d-xdrive-20-d-16v-mild-hybrid-190ch-msport.html
MERCEDES CLASSE A 200...,"23 480,00 €",,,https://www.simplicicar.com/occasions-simplicicar-mery-sur-oise/160920-mercedes-classe-a-200-7g-dct-amg-line-toit-ouvrant-lumieres-d-ambiance-garantie-12-mois.html
VOLKSWAGEN GOLF 1.4 Hybrid...,"28 480,00 €",,,https://www.simplicicar.com/occasions-simplicicar-lyon-nord/160919-volkswagen-golf-14-hybrid-rechargeable-opf-245-dsg6-gte.html
DS DS4 BlueHDi 120 SS EAT6...,"9 480,00 €",,,https://www.simplicicar.com/occasions-simplicicar-rouen/160918-ds-ds4-bluehdi-120-ss-eat6-performance-line-garantie-12-mois.html
TOYOTA C-HR HYBRIDE MC19...,"19 480,00 €",,,https://www.simplicicar.com/occasions-simplicicar-narbonne/160917-toyota-c-hr-hybride-mc19-20l-distinctive-184-ch-sieges-chauffant-carplay-garantie-12-mois.html
AUDI Q3 35 TDI 150 ch S...,"30 990,00 €",,,https://www.simplicicar.com/occasions-simplicicar-marignane/160916-audi-q3-35-tdi-150-ch-s-tronic-7-s-line-toit-ouvrant-carplay-cam-recul-jantes-19-audi-sport-sieges-elecs.html
AUDI A3 SPORTBACK 1.4 TFSI...,"13 480,00 €",,,https://www.simplicicar.com/occasions-simplicicar-lyon-nord/160915-audi-a3-sportback-14-tfsi-e-tron-204-ambition-luxe-s-tronic-6-garantie-12-mois.html
VOLKSWAGEN GOLF 2.0 TDI 184...,"14 480,00 €",,,https://www.simplicicar.com/occasions-osny/160914-volkswagen-golf-20-tdi-184-bluemotion-technology-fap-dsg6-gtd.html
KIA CEED 1.5 T-GDi 160 ch...,"23 980,00 €",,,https://www.simplicicar.com/occasions-simplicicar-nimes-rb-auto/160913-kia-ceed-15-t-gdi-160-ch-dct7-gt-line-toit-ouvrant-camera-carplay-garantie-constructeur-2029.html
PEUGEOT 5008 BlueHDi 130ch...,"18 980,00 €",,,https://www.simplicicar.com/occasions-simplicicar-lunel/160912-peugeot-5008-bluehdi-130ch-ss-eat8-gt-line-7-places-camera-360-attelage-garantie-12-mois.html
AUDI Q3 Q3 1.4 TFSI COD...,"16 500,00 €",,,https://www.simplicicar.com/occasions-simplicicar-lyon-nord/160911-audi-q3-q3-14-tfsi-cod-ultra-150-ch-ambition-luxe-garantie-12-mois.html
RENAULT TWINGO III 1.0 SCe...,"7 390,00 €",,,https://www.simplicicar.com/occasions-simplicicar-la-ciotat/160910-renault-twingo-iii-10-sce-70-bc-zen.html
MERCEDES CLASSE E 300 de...,"39 980,00 €",,,https://www.simplicicar.com/occasions-simplicicar-lyon-nord/160909-mercedes-classe-e-300-de-9g-tronic-amg-line-garantie-12-mois.html
FORD ECOSPORT 1.0 EcoBoost...,"11 480,00 €",,,https://www.simplicicar.com/occasions-simplicicar-velay/160908-ford-ecosport-10-ecoboost-125ch-ss-bvm6-st-line.html
VOLKSWAGEN POLO 1.2 TSI 90...,"10 980,00 €",,,https://www.simplicicar.com/occasions-simplicicar-toulouse-nord/160907-volkswagen-polo-12-tsi-90-bmt-confortline-57880-km-garantie-12-mois.html
HONDA CR-V 173CH ELEGANCE...,"18 980,00 €",,,https://www.simplicicar.com/occasions-simplicicar-annecy/160906-honda-cr-v-173ch-elegance-15-i-vtec-4x2-garantie-12-mois-attelage.html
VOLKSWAGEN GOLF 1.4 Hybrid...,"20 980,00 €",,,https://www.simplicicar.com/occasions-simplicicar-marignane/160905-volkswagen-golf-14-hybrid-rechargeable-opf-245-dsg6-gte-sieges-chauffant-volant-chauffant-carplay-chargeur-induction.html
CITROEN C1 C1 VTi 72...,"6 980,00 €",,,https://www.simplicicar.com/occasions-paris-17eme-75porte-maillot/160904-citroen-c1-c1-vti-72-millenium-camera-de-recul-garantie-12-mois.html
KIA SPORTAGE 1.6 CRDi 136ch...,"18 480,00 €",,,https://www.simplicicar.com/occasions-simplicicar-annecy/160903-kia-sportage-16-crdi-136ch-mhev-dct7-4x2-design-garantie-12-mois.html
FORD FOCUS 2.0i - 130 Ghia,"3 980,00 €",,,https://www.simplicicar.com/occasions-simplicicar-frejus/160902-ford-focus-20i-130-ghia.html
FORD FIESTA 1.0 EcoBoost...,"14 980,00 €",,,https://www.simplicicar.com/occasions-simplicicar-veauche/160901-ford-fiesta-10-ecoboost-125-st-line-carplay.html
CITROEN C3 C3 BlueHDi 100...,"9 980,00 €",,,https://www.simplicicar.com/occasions-simplicicar-lunel/160900-citroen-c3-c3-bluehdi-100-ss-bvm6-feel-radar-de-recul-climatisation-garantie-12-mois.html
OPEL KARL 1.0 - 73 ch Edition,"8 480,00 €",,,https://www.simplicicar.com/occasions-simplicicar-pau/160899-opel-karl-10-73-ch-edition.html
OPEL MOKKA X 1.4 Turbo -...,"10 980,00 €",,,https://www.simplicicar.com/occasions-simplicicar-evreux/160898-opel-mokka-x-14-turbo-140-ch-4x2-black-edition.html
YAMAHA MT 07 47.5 Ch ABS...,"3 980,00 €",,,https://www.simplicicar.com/occasions-simplicicar-vichy/160897-yamaha-mt-07-475-ch-abs-bridee-a2-ct-ok-garantie-12-mois.html
BMW X1 F48 xDrive 18d 150...,"19 990,00 €",,,https://www.simplicicar.com/occasions-simplicicar-villejuif/160895-bmw-x1-f48-xdrive-18d-150-ch-bva8-xline-apple-carplay-camera-de-recul-garantie-12-mois.html
LEXUS IS 250 Pack Executive...,"10 990,00 €",,,https://www.simplicicar.com/occasions-simplicicar-villejuif/160894-lexus-is-250-pack-executive-auto.html
HONDA CIVIC 2018 1.0 i-VTEC...,"17 470,00 €",,,https://www.simplicicar.com/occasions-montpellier-34/160891-honda-civic-2018-10-i-vtec-126-cvt-executive-garantie-12-mois.html
VOLKSWAGEN GOLF 2.0 TDI SCR...,"25 490,00 €",,,https://www.simplicicar.com/occasions-simplicicar-aix-les-bains/160889-volkswagen-golf-20-tdi-scr-150-dsg7-r-line-1st-garantie-12-mois-.html
VOLKSWAGEN POLO SOCIETE 1.0...,"10 980,00 €",,,https://www.simplicicar.com/occasions-cannes-06/160888-volkswagen-polo-societe-10-tsi-95-ss-lounge-business-reversible.html
BMW SERIE 2 CABRIOLET F23...,"22 890,00 €",,,https://www.simplicicar.com/occasions-cannes-06/160887-bmw-serie-2-cabriolet-f23-218d-150-ch-sport-a.html
PEUGEOT 3008 Active 120ch...,"7 980,00 €",,,https://www.simplicicar.com/occasions-simplicicar-orgeval/160886-peugeot-3008-active-120ch-16-bluehdi-ss-eat6-camera-de-recul-boite-automatique.html
VOLKSWAGEN TIGUAN 1.5 TSI...,"28 480,00 €",,,https://www.simplicicar.com/occasions-simplicicar-lyon-nord/160885-volkswagen-tiguan-15-tsi-150ch-dsg7-r-line-exclusive-toit-ouvrant-virtual-cockpit-12-mois-garantie.html
OPEL ASTRA 1.4 turbo 140ch...,"5 470,00 €",,,https://www.simplicicar.com/occasions-montpellier-34/160884-opel-astra-14-turbo-140ch-garantie-12-mois.html
TOYOTA COROLLA HYBRIDE MY22...,"18 970,00 €",,,https://www.simplicicar.com/occasions-montpellier-34/160882-toyota-corolla-hybride-my22-122h-dynamic-garantie-12-mois.html
RENAULT CLIO IV dci edition...,"9 480,00 €",,,https://www.simplicicar.com/occasions-montpellier-34/160881-renault-clio-iv-dci-edition-one-110ch-garantie-12-mois.html
RENAULT CLIO V NOUVELLE...,"16 969,00 €",,,https://www.simplicicar.com/occasions-montpellier-34/160880-renault-clio-v-nouvelle-90ch-techno-tce-garantie-renault.html
AUDI A1 tfsi 1.2l 86ch...,"11 470,00 €",,,https://www.simplicicar.com/occasions-montpellier-34/160879-audi-a1-tfsi-12l-86ch-attraction-garantie-12-mois.html
TOYOTA AURIS MC 136ch hsd...,"9 980,00 €",,,https://www.simplicicar.com/occasions-montpellier-34/160878-toyota-auris-mc-136ch-hsd-dynamic-suivi-exclusif-toyota-garantie-12-mois.html
RENAULT CLIO V 130ch edc...,"16 469,00 €",,,https://www.simplicicar.com/occasions-montpellier-34/160877-renault-clio-v-130ch-edc-tce-fap-initiale-paris-garantie-12-mois.html
RENAULT MEGANE IV BERLINE...,"16 970,00 €",,,https://www.simplicicar.com/occasions-montpellier-34/160876-renault-megane-iv-berline-205ch-bose-gt-edc-4control-affichage-tete-haute-garantie-12-mois.html
AUDI A6 AVANT quattro 3.0l...,"23 970,00 €",,,https://www.simplicicar.com/occasions-montpellier-34/160875-audi-a6-avant-quattro-30l-tdi-218-s-tronic-7-s-line-v6-garantie-12-mois.html
RENAULT CLIO IV 120ch...,"11 470,00 €",,,https://www.simplicicar.com/occasions-montpellier-34/160873-renault-clio-iv-120ch-initiale-tce-paris-garantie-12-mois.html
RENAULT SCENIC IV 160ch dci...,"13 980,00 €",,,https://www.simplicicar.com/occasions-montpellier-34/160872-renault-scenic-iv-160ch-dci-energy-edc-intens-garantie-12-mois.html
OPEL CORSA 90 ch 1.4l...,"7 970,00 €",,,https://www.simplicicar.com/occasions-montpellier-34/160871-opel-corsa-90-ch-14l-edition-garantie-12-mois.html
KIA NIRO gdi 1.6l hybride...,"11 980,00 €",,,https://www.simplicicar.com/occasions-montpellier-34/160869-kia-niro-gdi-16l-hybride-141-ch-dct6-active-garantie-12-mois.html
AUDI Q5 v6 3.0l quattro tdi...,"23 970,00 €",,,https://www.simplicicar.com/occasions-montpellier-34/160868-audi-q5-v6-30l-quattro-tdi-258ch-tronic-7-garantie-12-mois.html
MERCEDES AMG GT 53 435 Ch...,"53 480,00 €",,,https://www.simplicicar.com/occasions-simplicicar-orgeval/160866-mercedes-amg-gt-53-435-ch-eq-boost-4matic-carplay-sieges-chauffants-et-ventiles-toit-ouvrant-.html
VOLVO XC60 B4 AWD 197 ch...,"23 480,00 €",,,https://www.simplicicar.com/occasions-simplicicar-royan/160865-volvo-xc60-b4-awd-197-ch-geartronic-8-inscription-luxe-garantie-12-mois.html
FORD ECOSPORT 1.5 TDCi 95...,"12 990,00 €",,,https://www.simplicicar.com/occasions-simplicicar-brest/160863-ford-ecosport-15-tdci-95-trend-garantie-12-mois.html
RENAULT CAPTUR Phase 2 0.9...,"11 970,00 €",,,https://www.simplicicar.com/occasions-simplicicar-lyon-nord/160862-renault-captur-phase-2-09-tce-12v-eco2-ss-90-cv-revisee-et-garantie-12-mois.html
SEAT ARONA 1.0l eco tsi 95...,"10 980,00 €",,,https://www.simplicicar.com/occasions-montpellier-34/160860-seat-arona-10l-eco-tsi-95-ch-bvm5-style-garantie-12-mois.html
DS DS3 CROSSBACK 100ch bvm6...,"12 480,00 €",,,https://www.simplicicar.com/occasions-montpellier-34/160859-ds-ds3-crossback-100ch-bvm6-so-chic-garantie-12-mois.html
PEUGEOT 3008 2.0 BlueHDi...,"15 990,00 €",,,https://www.simplicicar.com/occasions-simplicicar-brest/160858-peugeot-3008-20-bluehdi-150ch-ss-bvm6-gt-line-garantie-12-mois.html
FERRARI 348 TB Matchings...,"79 348,00 €",,,https://www.simplicicar.com/occasions-simplicicar-marignane/160857-ferrari-348-tb-matchings-numbers.html
BMW SERIE 2 CABRIOLET F23...,"22 980,00 €",,,https://www.simplicicar.com/occasions-simplicicar-narbonne/160856-bmw-serie-2-cabriolet-f23-218d-150-ch-bva8-m-sport-lci2-harman-kardon-camera-entretien-full-bmw-garantie-12-mois.html
MERCEDES CLA COUPE 200 d...,"31 980,00 €",,,https://www.simplicicar.com/occasions-simplicicar-narbonne/160855-mercedes-cla-coupe-200-d-8g-dct-amg-line-camera-de-recul-carplay-garantie-12-mois.html
AUDI S3 Sportback 2.0 TFSI...,"59 990,00 €",,,https://www.simplicicar.com/occasions-simplicicar-rennes/160854-audi-s3-sportback-20-tfsi-333ch-origine-france-toit-ouvrant-son-sonos-ligne-akra-siege-diamants.html
VOLKSWAGEN GOLF 8 GTE...,"23 490,00 €",,,https://www.simplicicar.com/occasions-simplicicar-rennes/160853-volkswagen-golf-8-gte-hybrid-rechargeable-14-245ch-lumiere-d-ambiance-siege-chauffant-radar-av-ar.html
VOLKSWAGEN POLO BUSINESS...,"11 980,00 €",,,https://www.simplicicar.com/occasions-simplicicar-royan/160852-volkswagen-polo-business-16-tdi-80-ss-bvm5-confortline-business-garantie-12-mois.html
MERCEDES GLE COUPE 350 de...,"95 980,00 €",,,https://www.simplicicar.com/occasions-simplicicar-nimes-rb-auto/160851-mercedes-gle-coupe-350-de-9g-tronic-4matic-amg-line-superbe-configuration-full-black-garantie-constructeur.html
BMW SERIE 1 F20 LCI2 118i...,"16 990,00 €",,,https://www.simplicicar.com/occasions-simplicicar-rennes/160850-bmw-serie-1-f20-lci2-118i-136-ch-bva8-m-sport-radar-ar-siege-chauffant.html
FIAT 500 SERIE 6 1.2 69 ch...,"8 690,00 €",,,https://www.simplicicar.com/occasions-simplicicar-lyon-nord/160849-fiat-500-serie-6-12-69-ch-lounge.html
AUDI Q3 Q3 45 TFSI 230 ch S...,"28 980,00 €",,,https://www.simplicicar.com/occasions-simplicicar-salon-de-provence/160846-audi-q3-q3-45-tfsi-230-ch-s-tronic-7-quattro-design-luxe-garantie-12-mois.html
CITROEN DS3 VTi 120 So Chic A,"8 980,00 €",,,https://www.simplicicar.com/occasions-simplicicar-rouen/160845-citroen-ds3-vti-120-so-chic-a.html
AUDI A5 A5 2.0 TDI 190 S...,"24 980,00 €",,,https://www.simplicicar.com/occasions-simplicicar-aix-les-bains/160844-audi-a5-a5-20-tdi-190-s-tronic-7-quattro-s-line-garantie-12-mois-.html
RENAULT CLIO V TCe 90 - 21N...,"12 290,00 €",,,https://www.simplicicar.com/occasions-simplicicar-villejuif/160843-renault-clio-v-tce-90-21n-business-radar-arriere-climatisation-apple-carplay-garantie-12-mois.html
BMW SERIE 1 F40 116d 116 ch...,"22 480,00 €",,,https://www.simplicicar.com/occasions-simplicicar-rouen/160841-bmw-serie-1-f40-116d-116-ch-dkg7-m-sport.html
NISSAN MICRA 2017 1.0 - 71...,"8 290,00 €",,,https://www.simplicicar.com/occasions-simplicicar-compiegne/160840-nissan-micra-2017-10-71-acenta-1ere-main-moteur-a-chaine-suivi-a-jour.html
BMW X1 U11 sDrive 20i 170ch...,"50 990,00 €",,,https://www.simplicicar.com/occasions-simplicicar-coeur-d-yvelines-auto-expo-78/160839-bmw-x1-u11-sdrive-20i-170ch-dkg7-m-sport.html
MERCEDES CLASSE A BUSINESS...,"22 480,00 €",,,https://www.simplicicar.com/occasions-simplicicar-orleans/160838-mercedes-classe-a-business-180-d-8g-dct-business-line-camera-de-recul-radar-av-ar-feux-led-garantie-12-mois.html
FIAT 500 SERIE 6 1.2 69 ch...,"7 780,00 €",,,https://www.simplicicar.com/occasions-simplicicar-orleans/160837-fiat-500-serie-6-12-69-ch-eco-pack-lounge-toit-pano-bluetooth-radar-ar-garantie-12-mois.html
ALFA ROMEO GIULIA MY20...,"76 980,00 €",,,https://www.simplicicar.com/occasions-simplicicar-pontarlier-auto/160836-alfa-romeo-giulia-my20-quadrifoglio-29-v6-510-ch-at8-garantie-12-mois-origine-france.html
AUDI A1 SPORTBACK 1.0 TFSI...,"15 990,00 €",,,https://www.simplicicar.com/occasions-simplicicar-bretigny-sur-orge/160835-audi-a1-sportback-10-tfsi-ultra-95ch-s-line-toit-ouvrant-garantie-12-mois.html
VOLKSWAGEN GOLF VIII 1.0 TSI,"18 980,00 €",,,https://www.simplicicar.com/occasions-simplicicar-vaucresson/160834-volkswagen-golf-viii-10-tsi.html
ALFA ROMEO MITO 1.4 TB...,"10 990,00 €",,,https://www.simplicicar.com/occasions-simplicicar-limoges/160833-alfa-romeo-mito-14-tb-multiair-start-stop-170-quadrifoglio-verde.html
RENAULT CLIO IV TCe 90...,"9 490,00 €",,,https://www.simplicicar.com/occasions-simplicicar-limoges/160832-renault-clio-iv-tce-90-energy-zen.html
DACIA DUSTER 1.5 dCi 85 4x2...,"10 490,00 €",,,https://www.simplicicar.com/occasions-simplicicar-la-ciotat/160831-dacia-duster-15-dci-85-4x2-laureate-euro-4-courroie-2025.html
RENAULT TRAFIC COMBI L2 dCi...,"21 980,00 €",,,https://www.simplicicar.com/occasions-simplicicar-la-fleche/160830-renault-trafic-combi-l2-dci-125-energy-zen.html
MERCEDES CLASSE A 250 AMG...,"25 990,00 €",,,https://www.simplicicar.com/occasions-simplicicar-compiegne/160829-mercedes-classe-a-250-amg-line-4matic-boite-auto-faible-km-.html
BMW SERIE 1 F20 LCI 118d...,"15 480,00 €",,,https://www.simplicicar.com/occasions-simplicicar-mery-sur-oise/160828-bmw-serie-1-f20-lci-118d-150-ch-urban-chic-a-toit-ouvrant-sieges-chauffants-garantie-12-mois.html
AUDI A8 A8 V6 3.0 TDI 262...,"32 980,00 €",,,https://www.simplicicar.com/occasions-simplicicar-colmar/160827-audi-a8-a8-v6-30-tdi-262-avus-quattro-sieges-chauffants-garantie-12-mois.html
NISSAN QASHQAI 1.6 dCi 130...,"12 900,00 €",,,https://www.simplicicar.com/occasions-cannes-06/160826-nissan-qashqai-16-dci-130-fap-stop-start-connect-edition.html
MERCEDES CLASSE CLA 220 d...,"20 480,00 €",,,https://www.simplicicar.com/occasions-simplicicar-dijon/160825-mercedes-classe-cla-220-d-7-g-dct-fascination-toit-ouvrant-garantie-12-mois.html
PEUGEOT 308 130ch SS EAT8...,"16 980,00 €",,,https://www.simplicicar.com/occasions-simplicicar-poitiers/160823-peugeot-308-130ch-ss-eat8-allure-pack-parfait-etat-carnet-complet-camera-carplay-garantie-12-mois.html
FIAT TIPO 5 PORTES MY19 E6D...,"10 280,00 €",,,https://www.simplicicar.com/occasions-simplicicar-vernon/160822-fiat-tipo-5-portes-my19-e6d-14-95-ch-easy-camera-de-recul-garantie-12-mois.html
FORD MUSTANG CONVERTIBLE...,"35 980,00 €",,,https://www.simplicicar.com/occasions-simplicicar-les-sables-d-olonne/160821-ford-mustang-convertible-23-ecoboost-317-sieges-av-chauffants-et-ventiles-sieges-cuir-garantie-12-mois.html
RENAULT CLIO IV 1.6 Turbo...,"19 480,00 €",,,https://www.simplicicar.com/occasions-simplicicar-les-sables-d-olonne/160819-renault-clio-iv-16-turbo-200-edc-rs-monitor-sieges-av-chauffants-garantie-12-mois.html
RENAULT MEGANE IV BERLINE...,"16 480,00 €",,,https://www.simplicicar.com/occasions-simplicicar-poitiers/160818-renault-megane-iv-berline-tce-205-energy-edc-gt-entretien-complet-renault-carplay-sieges-chauffants-attelage-garantie-12-mois.html
MERCEDES AMG GT COUPE 4P 43...,"69 990,00 €",,,https://www.simplicicar.com/occasions-simplicicar-caen/160817-mercedes-amg-gt-coupe-4p-43-speedshift-tct-amg-4-matic-origine-france-suivi-mercedes-garantie-12-mois.html
CITROEN C3 C3 PureTech 82...,"5 490,00 €",,,https://www.simplicicar.com/occasions-simplicicar-lille/160816-citroen-c3-c3-puretech-82-confort-distri-ok-garantie-12-mois-.html
RENAULT TWINGO 1.2i Perrier...,"4 980,00 €",,,https://www.simplicicar.com/occasions-simplicicar-arras/160815-renault-twingo-12i-perrier-ideal-jeune-permis-futur-collections.html
FORD ECOSPORT 1.0 EcoBoost...,"15 980,00 €",,,https://www.simplicicar.com/occasions-simplicicar-arras/160814-ford-ecosport-10-ecoboost-125ch-ss-bvm6-st-line-etat-exceptionnel.html
PEUGEOT 107 1.0e 12V 68ch...,"5 970,00 €",,,https://www.simplicicar.com/occasions-simplicicar-la-fleche/160813-peugeot-107-10e-12v-68ch-blue-lion-urban-apple-carplay.html
MERCEDES CLASSE B 180 Sport...,"12 480,00 €",,,https://www.simplicicar.com/occasions-osny/160812-mercedes-classe-b-180-sport-122-ch-7-g-dct-garantie-12-mois-.html
SEAT IBIZA 1.0 TSI 110 ch...,"17 480,00 €",,,https://www.simplicicar.com/occasions-simplicicar-lyon-nord/160811-seat-ibiza-10-tsi-110-ch-s-s-dsg7-fr-garantie-12mois.html
PEUGEOT 3008 BUSINESS 1.6...,"7 990,00 €",,,https://www.simplicicar.com/occasions-simplicicar-rennes/160810-peugeot-3008-business-16-hdi-115ch-boite-auto-6-business-pack-radar-av-ar-gps-clim-auto.html
PEUGEOT 308 2.0 BlueHDi...,"9 990,00 €",,,https://www.simplicicar.com/occasions-simplicicar-livry-gargan/160809-peugeot-308-20-bluehdi-150ch-ss-bvm6-gt-line.html
VOLKSWAGEN TRANSPORTER 6.1...,"37 980,00 €",,,https://www.simplicicar.com/occasions-simplicicar-bordeaux/160808-volkswagen-transporter-61-procab-l1-20-tdi-150-dsg7-business-line-plus-camera-attelage-double-porte-laterale-garantie-12mois.html
HYUNDAI KONA HYBRID 141...,"16 990,00 €",,,https://www.simplicicar.com/occasions-simplicicar-vaucresson/160807-hyundai-kona-hybrid-141-executive.html
DACIA LOGAN MCV 1.2 16V 75...,"7 480,00 €",,,https://www.simplicicar.com/occasions-simplicicar-arras/160806-dacia-logan-mcv-12-16v-75-ambiance-premieres-mains.html
RENAULT CLIO IV dCi 75...,"7 980,00 €",,,https://www.simplicicar.com/occasions-simplicicar-lyon-nord/160805-renault-clio-iv-dci-75-energy-garantie-12-mois.html
BMW X5 F15 xDrive30d 258 ch...,"28 480,00 €",,,https://www.simplicicar.com/occasions-simplicicar-lagny/160804-bmw-x5-f15-xdrive30d-258-ch-exclusive-a-toit-ouvrant-hayon-et-attelage-electriques-sieges-electriques-chauffants.html
RENAULT MASTER 2.3 DCI...,"13 990,00 €",,,https://www.simplicicar.com/occasions-simplicicar-lille/160803-renault-master-23-dci-energy-l2h2-33-t.html
MERCEDES CLASSE A 200 d...,"20 980,00 €",,,https://www.simplicicar.com/occasions-simplicicar-bordeaux/160802-mercedes-classe-a-200-d-7g-dct-fascination-pack-amg-carplay-sieges-electriques-toit-ouvrant-garantie-12-mois.html
PEUGEOT 308 BlueHDi 130ch...,"15 990,00 €",,,https://www.simplicicar.com/occasions-simplicicar-compiegne/160801-peugeot-308-bluehdi-130ch-ss-eat8-gt-line-carplay-toit-pano-camera-360.html
FORD RANGER DOUBLE CABINE...,"27 980,00 €",,,https://www.simplicicar.com/occasions-simplicicar-pau/160800-ford-ranger-double-cabine-20-ecoblue-213-bv10-thunder.html
DACIA DUSTER Blue dCi 115cv...,"15 980,00 €",,,https://www.simplicicar.com/occasions-simplicicar-toulon-est/160799-dacia-duster-blue-dci-115cv-4x4-sl-techroad-distri-ok-entretien-a-jour-attelage-garantie-12-mois.html
PEUGEOT 206 1.1e 60ch...,"5 980,00 €",,,https://www.simplicicar.com/occasions-simplicicar-lunel/160798-peugeot-206-11e-60ch-urban-garantie-12-mois.html
CITROEN GRAND C4...,"14 980,00 €",,,https://www.simplicicar.com/occasions-simplicicar-lagny/160797-citroen-grand-c4-spacetourer-business-bluehdi-130-ss-eat8-business.html
RENAULT CLIO 1.6i 16V...,"2 980,00 €",,,https://www.simplicicar.com/occasions-simplicicar-strasbourg/160796-renault-clio-16i-16v-initiale-paris-bva-1ere-main.html
RENAULT MEGANE IV BERLINE...,"41 980,00 €",,,https://www.simplicicar.com/occasions-simplicicar-poitiers/160795-renault-megane-iv-berline-tce-300-edc-rs-trophy-entretien-complet-renault-carplay-sieges-recaro-rs-monitor-garantie-12-mois.html
VOLKSWAGEN GOLF VII 1.2 TSI...,"10 980,00 €",,,https://www.simplicicar.com/occasions-simplicicar-veauche/160794-volkswagen-golf-vii-12-tsi-110-match-carplay-radar-av-arr.html
DACIA DUSTER TCe 150 4x2...,"25 480,00 €",,,https://www.simplicicar.com/occasions-simplicicar-lyon-nord/160793-dacia-duster-tce-150-4x2-edc-expression.html
BMW SERIE 3 G20 330e 292 ch...,"31 980,00 €",,,https://www.simplicicar.com/occasions-simplicicar-marignane/160792-bmw-serie-3-g20-330e-292-ch-bva8-m-sport-affichage-tete-haute-camera-360-harman-kardon-keyless-feu-laser-garantie.html
FORD KUGA 2.0 TDCi 150 SS...,"12 490,00 €",,,https://www.simplicicar.com/occasions-simplicicar-brest/160791-ford-kuga-20-tdci-150-ss-4x4-titanium-garantie-12-mois-.html
RENAULT CLIO V Cte techno...,"13 980,00 €",,,https://www.simplicicar.com/occasions-montpellier-34/160790-renault-clio-v-cte-techno-90ch-garantie-renault.html
JAGUAR XJ8 3.5 V8 Classique A,"20 490,00 €",,,https://www.simplicicar.com/occasions-simplicicar-vaucresson/160789-jaguar-xj8-35-v8-classique-a.html
MERCEDES CLASSE B 200 d...,"28 490,00 €",,,https://www.simplicicar.com/occasions-simplicicar-vernon/160788-mercedes-classe-b-200-d-8g-dct-amg-line-edition-full-option-etat-proche-du-neuf-suivi-complet-mercedes-garantie-12-mois.html
MERCEDES CLASSE A 45...,"27 480,00 €",,,https://www.simplicicar.com/occasions-simplicicar-vienne/160787-mercedes-classe-a-45-mercedes-amg-a-speedshift-dct-4-matic-garantie-12-mois.html
PORSCHE MACAN S 3.0 V6 381...,"84 990,00 €",,,https://www.simplicicar.com/occasions-simplicicar-compiegne/160786-porsche-macan-s-30-v6-381-ch-sport-design-full-faible-km-immat-fr-.html
RENAULT CLIO IV TCe 90 E6C...,"9 480,00 €",,,https://www.simplicicar.com/occasions-simplicicar-lyon-nord/160785-renault-clio-iv-tce-90-e6c-intens-garantie-12-mois.html
MINI CLUBMAN F54 231 ch...,"17 980,00 €",,,https://www.simplicicar.com/occasions-simplicicar-toulouse-nord/160784-mini-clubman-f54-231-ch-john-cooper-works-all4-bva8-finition-jcw-pro.html
Audi Q3 35 tfsi 150 ch...,"25 990,00 €",,,https://www.simplicicar.com/occasions-simplicicar-villejuif/160783-audi-q3-35-tfsi-150-ch-sportback-s-line.html
PORSCHE CAYENNE 3.2V6 - 250...,"11 980,00 €",,,https://www.simplicicar.com/occasions-simplicicar-evreux/160781-porsche-cayenne-32v6-250-tiptronic-s-garantie-12-mois.html
MINI CABRIOLET Cooper S...,"8 980,00 €",,,https://www.simplicicar.com/occasions-simplicicar-evreux/160780-mini-cabriolet-cooper-s-garantie-12-mois.html
NISSAN QASHQAI 1.7 dCi 150...,"14 480,00 €",,,https://www.simplicicar.com/occasions-simplicicar-vienne/160779-nissan-qashqai-17-dci-150-n-motion-toit-panoramique-garantie-12-mois.html
PEUGEOT 208 1.6 VTi 120ch...,"6 990,00 €",,,https://www.simplicicar.com/occasions-simplicicar-lille/160778-peugeot-208-16-vti-120ch-serie-limitee-xy.html
BMW SERIE 1 F40 118i 136 ch...,"24 980,00 €",,,https://www.simplicicar.com/occasions-simplicicar-grenoble/160777-bmw-serie-1-f40-118i-136-ch-dkg7-edition-sport.html
FORD FOCUS 1.0 EcoBoost 125...,"7 490,00 €",,,https://www.simplicicar.com/occasions-simplicicar-la-ciotat/160776-ford-focus-10-ecoboost-125-ss-titanium.html
OPEL ASTRA 1.4i Turbo 145...,"15 480,00 €",,,https://www.simplicicar.com/occasions-simplicicar-veauche/160775-opel-astra-14i-turbo-145-cvt-ultimate-camera-carplay.html
BMW SERIE 2 ACTIVE TOURER...,"17 480,00 €",,,https://www.simplicicar.com/occasions-simplicicar-saint-jean/160774-bmw-serie-2-active-tourer-f45-218i-136-ch-luxury-a-toit-ouvrant-panoramique-garantie-12-mois.html
RENAULT MASTER FOURGON GN...,"45 950,00 €",,,https://www.simplicicar.com/occasions-simplicicar-velay/160773-renault-master-fourgon-gn-l1h2-33t-25-dci-120-amenage-food-truck.html
SEAT IBIZA 1.2 TSI 105 I...,"6 980,00 €",,,https://www.simplicicar.com/occasions-simplicicar-aix-les-bains/160772-seat-ibiza-12-tsi-105-i-tech-garantie-12-mois.html
MERCEDES GLC Classe   350 e...,"29 980,00 €",,,https://www.simplicicar.com/occasions-simplicicar-beaune/160771-mercedes-glc-classe-350-e-7g-dct-4matic-executive.html
DACIA SANDERO SCe 65 - 22...,"10 980,00 €",,,https://www.simplicicar.com/occasions-simplicicar-marignane/160770-dacia-sandero-sce-65-22-confort-clim-carplay-garantie-12-mois.html
VOLKSWAGEN GOLF 2.0 TDI 150...,"19 700,00 €",,,https://www.simplicicar.com/occasions-simplicicar-lille/160769-volkswagen-golf-20-tdi-150-fap-dsg7-iqdrive.html
FORD FIESTA 1.0 EcoBoost...,"9 980,00 €",,,https://www.simplicicar.com/occasions-simplicicar-le-mans/160768-ford-fiesta-10-ecoboost-100-ch-ss-bvm6-trend-garantie-12-mois.html
CITROEN JUMPER PLANCHER...,"19 990,00 €",,,https://www.simplicicar.com/occasions-simplicicar-livry-gargan/160767-citroen-jumper-plancher-cabine-35-l4-bluehdi-130-bvm6-confort.html
PORSCHE 911 GT3 RS 4.0i PDK...,"419 980,00 €",,,https://www.simplicicar.com/occasions-simplicicar-frejus/160766-porsche-911-gt3-rs-40i-pdk-rs-weissach-pack-immatriculation-francaise.html
PORSCHE 911 TURBO S Coupe...,"249 980,00 €",,,https://www.simplicicar.com/occasions-simplicicar-frejus/160765-porsche-911-turbo-s-coupe-38i-650-pdk-porsche-approved-lift-system-toit-carbone.html
NISSAN X-TRAIL 1.6 dCi 130...,"14 890,00 €",,,https://www.simplicicar.com/occasions-simplicicar-nimes-rb-auto/160764-nissan-x-trail-16-dci-130-7-places-toit-ouvrant-camera-360-garantie-12-mois.html
CITROEN C1 C1 1.0i...,"4 980,00 €",,,https://www.simplicicar.com/occasions-simplicicar-mery-sur-oise/160763-citroen-c1-c1-10i-attraction-garantie-12-mois.html
BMW SERIE 2 ACTIVE TOURER...,"11 880,00 €",,,https://www.simplicicar.com/occasions-simplicicar-mery-sur-oise/160762-bmw-serie-2-active-tourer-f45-218d-150-ch-luxury-a-toit-panoramique-garantie-12-mois.html
MERCEDES GLE 350 d...,"28 880,00 €",,,https://www.simplicicar.com/occasions-simplicicar-mery-sur-oise/160761-mercedes-gle-350-d-9g-tronic-4matic-fascination-toit-ouvrant-panoramique-garantie-12-mois.html
VOLKSWAGEN POLO 2.0 TSI 200...,"21 980,00 €",,,https://www.simplicicar.com/occasions-simplicicar-nimes-rb-auto/160760-volkswagen-polo-20-tsi-200-gti-toit-ouvrant-camera-acc-sieges-chauffants-beats-audio-carplay.html
CITROEN C4 PICASSO HDi...,"4 970,00 €",,,https://www.simplicicar.com/occasions-montpellier-34/160758-citroen-c4-picasso-hdi-110ch-airdream-millenium-garantie-12-mois.html
RENAULT ESPACE V dCi 160ch...,"18 970,00 €",,,https://www.simplicicar.com/occasions-montpellier-34/160757-renault-espace-v-dci-160ch-intens-edc-toit-ouvrant-carplay-camera-hayon-electrique-garantie-12-mois.html
RENAULT CLIO V hybride...,"13 970,00 €",,,https://www.simplicicar.com/occasions-montpellier-34/160756-renault-clio-v-hybride-e-tech-140ch-business-garantie-12-mois.html
OPEL CORSA 1.2 85ch...,"5 480,00 €",,,https://www.simplicicar.com/occasions-montpellier-34/160755-opel-corsa-12-85ch-graphite-garantie-12-mois.html
MINI MINI 1.5I 136ch red...,"9 980,00 €",,,https://www.simplicicar.com/occasions-montpellier-34/160754-mini-mini-15i-136ch-red-hot-chili-garantie-12-mois.html
SEAT IBIZA 1.4 150ch fr...,"9 980,00 €",,,https://www.simplicicar.com/occasions-montpellier-34/160753-seat-ibiza-14-150ch-fr-garantie-12-mois.html
FORD FIESTA 1.0 100ch...,"9 970,00 €",,,https://www.simplicicar.com/occasions-montpellier-34/160752-ford-fiesta-10-100ch-titanium-powershift-a-garantie-12-mois.html
TOYOTA C-HR PRO 116ch TURBO...,"13 970,00 €",,,https://www.simplicicar.com/occasions-montpellier-34/160751-toyota-c-hr-pro-116ch-turbo-cvt-4wd-dynamic-garantie-12-mois.html
PEUGEOT 3008 130ch eat8...,"14 480,00 €",,,https://www.simplicicar.com/occasions-montpellier-34/160750-peugeot-3008-130ch-eat8-allure-carplay-coffre-electrique-garantie-12-mois.html
VOLKSWAGEN T-ROC 1.5 TSI...,"19 980,00 €",,,https://www.simplicicar.com/occasions-montpellier-34/160749-volkswagen-t-roc-15-tsi-150ch-dsg7-lounge-toit-ouvrant-garantie-12-mois.html
AUDI A5 SPORTBACK 204ch...,"27 470,00 €",,,https://www.simplicicar.com/occasions-montpellier-34/160748-audi-a5-sportback-204ch-design-garantie-12-mois-carplay-sieges-chauffants-camera-de-recul.html
MASERATI LEVANTE 3.0 V6 bi...,"36 970,00 €",,,https://www.simplicicar.com/occasions-montpellier-34/160747-maserati-levante-30-v6-bi-turbo-430ch-s-q4-gransport-suivi-maserati-carnet-disponible-garantie-12-mois.html
AUDI R8  FSI 4.0 420ch...,"64 970,00 €",,,https://www.simplicicar.com/occasions-montpellier-34/160746-audi-r8-fsi-40-420ch-garantie-12-mois.html
PEUGEOT 308 BlueHDi 130ch...,"9 990,00 €",,,https://www.simplicicar.com/occasions-montpellier-34/160744-peugeot-308-bluehdi-130ch-ss-bvm6-style-regulateur-gps-garantie-12-mois.html
AUDI A1 SPORTBACK Ambition...,"9 470,00 €",,,https://www.simplicicar.com/occasions-montpellier-34/160743-audi-a1-sportback-ambition-12-tfsi-86-garantie-12-mois.html
FORD TOURNEO CONNECT active...,"39 480,00 €",,,https://www.simplicicar.com/occasions-montpellier-34/160742-ford-tourneo-connect-active-20-ecoblue-122ch-dsg7-garantie-constructeur.html
CUPRA FORMENTOR V 204ch 1.4...,"27 980,00 €",,,https://www.simplicicar.com/occasions-montpellier-34/160741-cupra-formentor-v-204ch-14-e-hybrid-dsg6-garantie-12-mois.html
OPEL ADAM Jam twinport 1.4...,"7 470,00 €",,,https://www.simplicicar.com/occasions-montpellier-34/160740-opel-adam-jam-twinport-14-87-ch-s-s-garantie-12-mois.html
RENAULT CLIO V ZEN 85 ch...,"11 970,00 €",,,https://www.simplicicar.com/occasions-montpellier-34/160739-renault-clio-v-zen-85-ch-15-blue-dci-garantie-12-mois.html
PEUGEOT 207 VTi 1.4...,"2 970,00 €",,,https://www.simplicicar.com/occasions-montpellier-34/160738-peugeot-207-vti-14-garantie-12-mois.html
